Male Names,Mcount,Female Names,Fcount,Last Names,Lcount
JAMES,10835570,MARY,8585507,SMITH,2442977
JOHN,10682082,PATRICIA,3504089,JOHNSON,1932812
ROBERT,10264073,LINDA,3379992,WILLIAMS,1625252
MICHAEL,8585507,BARBARA,3200379,BROWN,1437026
WILLIAM,8004214,ELIZABETH,3059954,JONES,1425470
DAVID,7716833,JENNIFER,3043626,GARCIA,1166120
RICHARD,5561475,MARIA,2703994,MILLER,1161437
CHARLES,4973651,SUSAN,2592960,DAVIS,1116357
JOSEPH,4585033,MARGARET,2508052,RODRIGUEZ,1094924
THOMAS,4506656,DOROTHY,2374159,MARTINEZ,1060159
CHRISTOPHER,3379992,LISA,2299048,HERNANDEZ,1043281
DANIEL,3180785,NANCY,2184749,LOPEZ,874523
PAUL,3095877,KAREN,2178217,GONZALEZ,841025
MARK,3063220,BETTY,2174952,WILSON,801882
DONALD,3040360,HELEN,2165155,ANDERSON,784404
GEORGE,3027297,SANDRA,2054121,THOMAS,756142
KENNETH,2697462,DONNA,1903899,TAYLOR,751209
STEVEN,2547241,CAROL,1845117,MOORE,724374
EDWARD,2543975,RUTH,1835320,JACKSON,708099
BRIAN,2403550,SHARON,1704692,MARTIN,702625
RONALD,2367627,MICHELLE,1694895,LEE,693023
ANTHONY,2354565,LAURA,1665503,PEREZ,681645
KEVIN,2191280,SARAH,1658972,THOMPSON,664644
JASON,2155357,KIMBERLY,1645909,WHITE,660491
MATTHEW,2145560,DEBORAH,1613252,HARRIS,624252
GARY,2122701,JESSICA,1600190,SANCHEZ,612752
TIMOTHY,2090044,SHIRLEY,1574064,CLARK,562679
JOSE,2001870,CYNTHIA,1531610,RAMIREZ,557423
LARRY,1952884,ANGELA,1528344,LEWIS,531781
JEFFREY,1930025,MELISSA,1508750,ROBINSON,529821
FRANK,1897368,BRENDA,1485890,WALKER,523129
SCOTT,1783068,AMY,1472828,YOUNG,484447
ERIC,1776537,ANNA,1436905,ALLEN,482607
STEPHEN,1763474,REBECCA,1404248,KING,465422
ANDREW,1753677,VIRGINIA,1404248,WRIGHT,458980
RAYMOND,1593658,KATHLEEN,1384654,SCOTT,439530
GREGORY,1440171,PAMELA,1358528,TORRES,437813
JOSHUA,1420576,MARTHA,1345466,NGUYEN,437645
JERRY,1410779,DEBRA,1332403,HILL,434827
DENNIS,1355263,AMANDA,1319340,FLORES,433969
WALTER,1303012,STEPHANIE,1306277,GREEN,430182
PATRICK,1270355,CAROLYN,1257292,ADAMS,427865
PETER,1244229,CHRISTINE,1247495,NELSON,424958
HAROLD,1211572,MARIE,1237698,BAKER,419586
DOUGLAS,1198509,JANET,1237698,HALL,407076
HENRY,1191978,CATHERINE,1218104,RIVERA,391114
CARL,1129930,FRANCES,1208306,CAMPBELL,386157
ARTHUR,1094007,ANN,1188712,MITCHELL,384486
RYAN,1071147,JOYCE,1188712,CARTER,376966
ROGER,1051553,DIANE,1172384,ROBERTS,376774
JOE,1048287,ALICE,1165852,GOMEZ,365655
JUAN,1031959,JULIE,1136461,PHILLIPS,360802
JACK,1028693,HEATHER,1100539,EVANS,355593
ALBERT,1025428,TERESA,1097273,TURNER,348627
JONATHAN,1022162,DORIS,1094007,DIAZ,347636
JUSTIN,1015631,GLORIA,1094007,PARKER,336221
TERRY,1015631,EVELYN,1051553,CRUZ,334201
GERALD,1009099,JEAN,1028693,EDWARDS,332423
KEITH,1005833,CHERYL,1028693,COLLINS,329770
SAMUEL,999302,MILDRED,1022162,REYES,327904
WILLIE,986239,KATHERINE,1022162,STEWART,324957
RALPH,920925,JOAN,999302,MORRIS,318884
LAWRENCE,920925,ASHLEY,989505,MORALES,311777
NICHOLAS,898066,JUDITH,969911,MURPHY,308417
ROY,891534,ROSE,966645,COOK,302589
BENJAMIN,881737,JANICE,930723,ROGERS,302261
BRUCE,858877,KELLY,924191,GUTIERREZ,293218
BRANDON,849080,NICOLE,917660,ORTIZ,286899
ADAM,845815,JUDY,901331,MORGAN,286280
HARRY,819689,CHRISTINA,898066,COOPER,280791
FRED,819689,KATHY,888269,PETERSON,278297
WAYNE,813158,THERESA,885003,BAILEY,277845
BILLY,809892,BEVERLY,871940,REED,277030
STEVE,803360,DENISE,862143,KELLY,267394
LOUIS,793563,TAMMY,845815,HOWARD,264826
JEREMY,790298,IRENE,822955,RAMOS,263464
AARON,783766,JANE,816423,KIM,262352
RANDY,757641,LORI,809892,COX,261231
HOWARD,751109,RACHEL,790298,WARD,260464
EUGENE,751109,MARILYN,787032,RICHARDSON,259798
CARLOS,747844,ANDREA,770704,WATSON,252579
RUSSELL,731515,KATHRYN,764172,BROOKS,251663
BOBBY,728250,LOUISE,747844,CHAVEZ,250898
VICTOR,724984,SARA,747844,WOOD,250715
MARTIN,705390,ANNE,744578,JAMES,249379
ERNEST,702124,JACQUELINE,744578,BENNETT,247599
PHILLIP,695593,WANDA,738047,GRAY,246116
TODD,695593,BONNIE,728250,MENDOZA,242771
JESSE,682530,JULIA,728250,RUIZ,238234
CRAIG,672733,RUBY,721718,HUGHES,236271
ALAN,666201,LOIS,718452,PRICE,235251
SHAWN,653139,TINA,718452,ALVAREZ,233983
CLARENCE,643342,PHYLLIS,715187,CASTILLO,230420
SEAN,643342,NORMA,711921,SANDERS,230374
PHILIP,643342,PAULA,708655,PATEL,229973
CHRIS,643342,DIANA,705390,MYERS,229895
JOHNNY,636810,ANNIE,705390,LONG,229374
EARL,630279,LILLIAN,689061,ROSS,229368
JIMMY,623747,EMILY,679264,FOSTER,227764
ANTONIO,620482,ROBIN,679264,JIMENEZ,227118
DANNY,620482,PEGGY,679264,POWELL,224874
BRYAN,620482,CRYSTAL,675998,JENKINS,222653
TONY,620482,GLADYS,669467,PERRY,221741
LUIS,617216,RITA,666201,RUSSELL,221558
MIKE,617216,DAWN,659670,SULLIVAN,220990
STANLEY,607419,CONNIE,653139,BELL,220599
LEONARD,607419,FLORENCE,653139,COLEMAN,219070
NATHAN,604153,TRACY,643342,BUTLER,218847
DALE,600888,EDNA,643342,HENDERSON,218393
MANUEL,591090,TIFFANY,636810,BARNES,218241
RODNEY,587825,CARMEN,636810,GONZALES,214758
CURTIS,587825,ROSA,633544,FISHER,214703
NORMAN,578028,CINDY,627013,VASQUEZ,212781
ALLEN,568231,GRACE,617216,SIMMONS,210182
MARVIN,558434,WENDY,604153,ROMERO,208614
VINCENT,548636,VICTORIA,587825,JORDAN,208403
GLENN,545371,EDITH,584559,PATTERSON,205423
JEFFERY,542105,KIM,581293,ALEXANDER,204621
TRAVIS,542105,SHERRY,581293,HAMILTON,201746
JEFF,542105,SYLVIA,578028,GRAHAM,201159
CHAD,538839,JOSEPHINE,578028,REYNOLDS,200247
JACOB,538839,THELMA,571496,GRIFFIN,198406
LEE,529042,SHANNON,571496,WALLACE,197276
MELVIN,529042,SHEILA,571496,MORENO,196925
ALFRED,529042,ETHEL,568231,WEST,195818
KYLE,522511,ELLEN,564965,COLE,195289
FRANCIS,522511,ELAINE,564965,HAYES,194246
BRADLEY,519245,MARJORIE,564965,BRYANT,192773
JESUS,506182,CARRIE,558434,HERRERA,192711
HERBERT,506182,CHARLOTTE,551902,GIBSON,190667
FREDERICK,502917,MONICA,542105,ELLIS,188968
RAY,499651,ESTHER,542105,TRAN,188498
JOEL,496385,PAULINE,538839,MEDINA,188497
EDWIN,483323,EMMA,538839,AGUILAR,186512
DON,473525,JUANITA,535574,STEVENS,185674
EDDIE,470260,ANITA,529042,MURRAY,184910
RICKY,460463,RHONDA,529042,FORD,184832
TROY,450666,HAZEL,525777,CASTRO,184134
RANDALL,450666,AMBER,522511,MARSHALL,183922
BARRY,437603,EVA,519245,OWENS,182719
ALEXANDER,431071,DEBBIE,512714,HARRISON,181091
BERNARD,414743,APRIL,502917,FERNANDEZ,180842
MARIO,408212,LESLIE,502917,MCDONALD,180497
LEROY,408212,CLARA,499651,WOODS,177425
FRANCISCO,404946,LUCILLE,499651,WASHINGTON,177386
MARCUS,404946,JAMIE,499651,KENNEDY,176865
MICHEAL,401680,JOANNE,489854,WELLS,176230
THEODORE,401680,ELEANOR,489854,VARGAS,173835
CLIFFORD,401680,VALERIE,486588,HENRY,170964
MIGUEL,398415,DANIELLE,486588,CHEN,169580
OSCAR,398415,MEGAN,480057,FREEMAN,169149
JAY,385352,ALICIA,476791,WEBB,168878
JIM,385352,SUZANNE,473525,TUCKER,167446
TOM,382086,MICHELE,473525,GUZMAN,167044
CALVIN,375555,GAIL,473525,BURNS,165925
ALEX,375555,BERTHA,466994,CRAWFORD,164457
JON,375555,DARLENE,463728,OLSON,164035
RONNIE,369023,VERONICA,463728,SIMPSON,163181
BILL,365758,JILL,463728,PORTER,163054
LLOYD,365758,ERIN,460463,HUNTER,162440
TOMMY,365758,GERALDINE,460463,GORDON,161833
LEON,365758,LAUREN,447400,MENDEZ,161717
DEREK,365758,CATHY,447400,SILVA,161633
WARREN,359226,JOANN,444134,SHAW,160400
DARRELL,352695,LORRAINE,440869,SNYDER,160262
JEROME,352695,LYNN,440869,MASON,160213
FLOYD,349429,SALLY,440869,DIXON,159480
LEO,346163,REGINA,434337,MUNOZ,158483
ALVIN,342898,ERICA,424540,HUNT,158421
TIM,339632,BEATRICE,424540,HICKS,158320
WESLEY,339632,DOLORES,421274,HOLMES,156780
GORDON,339632,BERNICE,418009,PALMER,156601
DEAN,339632,AUDREY,414743,WAGNER,155795
GREG,339632,YVONNE,411477,BLACK,154738
JORGE,339632,ANNETTE,408212,ROBERTSON,153666
DUSTIN,336366,JUNE,408212,BOYD,153469
PEDRO,336366,SAMANTHA,404946,ROSE,153397
DERRICK,336366,MARION,398415,STONE,153329
DAN,329835,DANA,398415,SALAZAR,152703
LEWIS,323304,STACY,395149,FOX,152334
ZACHARY,323304,ANA,391883,WARREN,152147
COREY,320038,RENEE,391883,MILLS,151942
HERMAN,316772,IDA,385352,MEYER,150895
MAURICE,316772,VIVIAN,385352,RICE,149500
VERNON,316772,ROBERTA,382086,SCHMIDT,147034
ROBERTO,316772,HOLLY,382086,GARZA,147005
CLYDE,310241,BRITTANY,382086,DANIELS,146570
GLEN,306975,MELANIE,378820,FERGUSON,146426
HECTOR,306975,LORETTA,375555,NICHOLS,145584
SHANE,303709,YOLANDA,375555,STEPHENS,144646
RICARDO,303709,JEANETTE,375555,SOTO,144451
SAM,300444,LAURIE,372289,WEAVER,143837
RICK,297178,KATIE,369023,RYAN,143452
LESTER,297178,KRISTEN,362492,GARDNER,142894
BRENT,293912,VANESSA,362492,PAYNE,142601
RAMON,293912,ALMA,362492,GRANT,142277
CHARLIE,293912,SUE,362492,DUNN,141427
TYLER,290647,ELSIE,359226,KELLEY,140693
GILBERT,290647,BETH,359226,SPENCER,139951
GENE,284115,JEANNE,355961,HAWKINS,139751
MARC,284115,VICKI,355961,ARNOLD,138893
REGINALD,274318,CARLA,349429,PIERCE,138629
RUBEN,267787,TARA,349429,VAZQUEZ,138322
BRETT,267787,ROSEMARY,349429,HANSEN,137977
ANGEL,267787,EILEEN,342898,PETERS,137513
NATHANIEL,264521,TERRI,342898,SANTOS,137232
RAFAEL,264521,GERTRUDE,336366,HART,137184
LESLIE,264521,LUCY,336366,BRADLEY,136720
EDGAR,261255,TONYA,333101,KNIGHT,136713
MILTON,261255,ELLA,329835,ELLIOTT,135765
RAUL,257990,STACEY,329835,CUNNINGHAM,135718
BEN,254724,WILMA,323304,DUNCAN,135187
CHESTER,254724,GINA,323304,ARMSTRONG,135044
CECIL,254724,KRISTIN,323304,HUDSON,134963
DUANE,251458,JESSIE,320038,CARROLL,134317
FRANKLIN,251458,NATALIE,320038,LANE,134227
ANDRE,248193,AGNES,320038,RILEY,133872
ELMER,241661,VERA,320038,ANDREWS,133799
BRAD,238396,WILLIE,316772,ALVARADO,133501
GABRIEL,238396,CHARLENE,316772,RAY,133171
RON,235130,BESSIE,313507,DELGADO,132985
MITCHELL,235130,DELORES,310241,BERRY,132812
ROLAND,235130,MELINDA,306975,PERKINS,131440
ARNOLD,235130,PEARL,306975,HOFFMAN,131401
HARVEY,235130,ARLENE,306975,JOHNSTON,131373
JARED,231864,MAUREEN,300444,MATTHEWS,131303
ADRIAN,225333,COLLEEN,300444,PENA,130776
KARL,225333,ALLISON,300444,RICHARDS,130529
CORY,222067,TAMARA,300444,CONTRERAS,130164
CLAUDE,222067,JOY,297178,WILLIS,130152
ERIK,222067,GEORGIA,297178,CARPENTER,129898
DARRYL,218801,CONSTANCE,297178,LAWRENCE,129699
JAMIE,215536,LILLIE,293912,SANDOVAL,128948
NEIL,215536,CLAUDIA,293912,GUERRERO,128677
JESSIE,212270,JACKIE,293912,GEORGE,128625
CHRISTIAN,212270,MARCIA,293912,CHAPMAN,127939
JAVIER,212270,TANYA,290647,RIOS,127794
FERNANDO,212270,NELLIE,290647,ESTRADA,127470
CLINTON,212270,MINNIE,290647,ORTEGA,127256
TED,209004,MARLENE,287381,WATKINS,127083
MATHEW,209004,HEIDI,287381,GREENE,126101
TYRONE,209004,GLENDA,287381,NUNEZ,125350
DARREN,209004,LYDIA,280850,WHEELER,125058
LONNIE,209004,VIOLA,280850,VALDEZ,124995
LANCE,205739,COURTNEY,280850,HARPER,124461
CODY,205739,MARIAN,280850,BURKE,122877
JULIO,205739,STELLA,277584,LARSON,122587
KELLY,205739,CAROLINE,277584,SANTIAGO,122212
KURT,202473,DORA,274318,MALDONADO,121526
ALLAN,199207,JO,271053,MORRISON,121130
NELSON,199207,VICKIE,267787,FRANKLIN,120621
GUY,195942,MATTIE,264521,CARLSON,120552
CLAYTON,195942,TERRY,261255,AUSTIN,119706
HUGH,195942,MAXINE,257990,DOMINGUEZ,119304
MAX,192676,IRMA,257990,CARR,119076
DWAYNE,192676,MABEL,254724,LAWSON,119053
DWIGHT,189410,MARSHA,254724,JACOBS,118614
ARMANDO,189410,MYRTLE,254724,OBRIEN,118557
FELIX,189410,LENA,251458,LYNCH,117708
JIMMIE,189410,CHRISTY,251458,SINGH,116749
EVERETT,186145,DEANNA,248193,VEGA,116673
JORDAN,182879,PATSY,248193,BISHOP,116618
IAN,182879,HILDA,244927,MONTGOMERY,115953
WALLACE,182879,GWENDOLYN,241661,OLIVER,115900
KEN,179613,JENNIE,238396,JENSEN,115679
BOB,179613,NORA,238396,HARVEY,115662
JAIME,179613,MARGIE,235130,WILLIAMSON,114959
CASEY,176347,NINA,235130,GILBERT,114940
ALFREDO,176347,CASSANDRA,235130,DEAN,114030
ALBERTO,173082,LEAH,235130,SIMS,113374
DAVE,173082,PENNY,231864,ESPINOZA,112154
IVAN,173082,KAY,231864,HOWELL,112041
JOHNNIE,169816,PRISCILLA,231864,LI,111786
SIDNEY,169816,NAOMI,231864,WONG,111371
BYRON,169816,CAROLE,231864,REID,111360
JULIAN,169816,BRANDY,228599,HANSON,111144
ISAAC,166550,OLGA,228599,LE,110967
MORRIS,166550,BILLIE,225333,MCCOY,110744
CLIFTON,163285,DIANNE,225333,GARRETT,110697
WILLARD,163285,TRACEY,225333,BURTON,110529
DARYL,163285,LEONA,225333,FULLER,110116
ROSS,163285,JENNY,222067,WANG,109883
VIRGIL,160019,FELICIA,222067,WEBER,109433
ANDY,160019,SONIA,222067,WELCH,108987
MARSHALL,160019,MIRIAM,215536,ROJAS,108421
SALVADOR,160019,VELMA,215536,LUCAS,107690
PERRY,160019,BECKY,215536,MARQUEZ,107533
KIRK,160019,BOBBIE,212270,FIELDS,107522
SERGIO,160019,VIOLET,212270,PARK,106696
MARION,156753,KRISTINA,212270,YANG,106033
TRACY,156753,TONI,209004,LITTLE,105936
SETH,156753,MISTY,205739,BANKS,105833
KENT,156753,MAE,205739,PADILLA,105365
TERRANCE,156753,SHELLY,202473,DAY,105091
RENE,156753,DAISY,202473,WALSH,105079
EDUARDO,153488,RAMONA,202473,BOWMAN,105007
TERRENCE,153488,SHERRI,202473,SCHULTZ,104888
ENRIQUE,150222,ERIKA,199207,LUNA,104518
FREDDIE,150222,KATRINA,199207,FOWLER,104515
WADE,146956,CLAIRE,199207,MEJIA,104057
AUSTIN,143690,LINDSEY,195942,DAVIDSON,103930
STUART,143690,LINDSAY,195942,ACOSTA,103418
FREDRICK,140425,GENEVA,192676,BREWER,103318
ARTURO,140425,GUADALUPE,192676,MAY,103306
ALEJANDRO,140425,BELINDA,192676,HOLLAND,102538
JACKIE,140425,MARGARITA,192676,JUAREZ,101949
JOEY,140425,SHERYL,192676,NEWMAN,101931
NICK,140425,CORA,189410,PEARSON,101836
LUTHER,140425,FAYE,189410,CURTIS,101801
WENDELL,137159,ADA,186145,CORTEZ,101694
JEREMIAH,137159,NATASHA,186145,DOUGLAS,101458
EVAN,137159,SABRINA,186145,SCHNEIDER,101290
JULIUS,137159,ISABEL,186145,JOSEPH,100959
DANA,137159,MARGUERITE,182879,BARRETT,100104
DONNIE,133893,HATTIE,182879,NAVARRO,99807
OTIS,133893,HARRIET,182879,FIGUEROA,98468
SHANNON,130628,MOLLY,179613,KELLER,98268
TREVOR,130628,CECILIA,179613,AVILA,97314
OLIVER,130628,KRISTI,179613,WADE,97040
LUKE,130628,BRANDI,179613,MOLINA,96979
HOMER,130628,BLANCHE,179613,STANLEY,96867
GERARD,130628,SANDY,179613,HOPKINS,96810
DOUG,130628,ROSIE,179613,CAMPOS,96111
KENNY,127362,JOANNA,179613,BARNETT,95681
HUBERT,127362,IRIS,179613,BATES,95622
ANGELO,127362,EUNICE,176347,CHAMBERS,94988
SHAUN,127362,ANGIE,176347,CALDWELL,93944
LYLE,124096,INEZ,173082,BECK,93786
MATT,124096,LYNDA,173082,LAMBERT,93678
LYNN,124096,MADELINE,169816,MIRANDA,93628
ALFONSO,124096,AMELIA,169816,BYRD,92904
ORLANDO,120831,ALBERTA,169816,CRAIG,92507
REX,120831,GENEVIEVE,166550,AYALA,92463
CARLTON,120831,MONIQUE,166550,LOWE,92260
ERNESTO,120831,JODI,166550,FRAZIER,92152
CAMERON,120831,JANIE,166550,POWERS,91970
NEAL,120831,MAGGIE,166550,NEAL,91694
PABLO,117565,KAYLA,166550,LEONARD,91475
LORENZO,117565,SONYA,166550,GREGORY,91384
OMAR,117565,JAN,166550,CARRILLO,91129
WILBUR,117565,LEE,166550,SUTTON,90964
BLAKE,117565,KRISTINE,166550,FLEMING,90677
GRANT,117565,CANDACE,166550,RHODES,90670
HORACE,117565,FANNIE,163285,SHELTON,90517
RODERICK,117565,MARYANN,163285,SCHWARTZ,90071
KERRY,117565,OPAL,163285,NORRIS,89796
ABRAHAM,114299,ALISON,163285,JENNINGS,89700
WILLIS,114299,YVETTE,163285,WATTS,89649
RICKEY,114299,MELODY,163285,DURAN,89401
JEAN,114299,LUZ,160019,WALTERS,89376
IRA,114299,SUSIE,160019,COHEN,89091
ANDRES,111034,OLIVIA,160019,MCDANIEL,88728
CESAR,111034,FLORA,160019,MORAN,88615
JOHNATHAN,111034,SHELLEY,160019,PARKS,88586
MALCOLM,111034,KRISTY,156753,STEELE,88230
RUDOLPH,111034,MAMIE,156753,VAUGHN,88060
DAMON,111034,LULA,156753,BECKER,87859
KELVIN,111034,LOLA,156753,HOLT,87531
RUDY,111034,VERNA,156753,DELEON,87414
PRESTON,111034,BEULAH,156753,BARKER,87162
ALTON,107768,ANTOINETTE,156753,TERRY,87000
ARCHIE,107768,CANDICE,150222,HALE,86618
MARCO,107768,JUANA,150222,LEON,86363
WM,107768,JEANNETTE,150222,HAIL,86240
PETE,104502,PAM,150222,BENSON,86081
RANDOLPH,104502,KELLI,150222,HAYNES,85974
GARRY,104502,HANNAH,146956,HORTON,85195
GEOFFREY,104502,WHITNEY,146956,MILES,84942
JONATHON,104502,BRIDGET,146956,LYONS,84516
FELIPE,104502,KARLA,143690,PHAM,84320
BENNIE,104502,CELIA,143690,GRAVES,84179
GERARDO,104502,LATOYA,140425,BUSH,84018
ED,104502,PATTY,140425,THORNTON,83967
DOMINIC,104502,SHELIA,140425,WOLFE,83928
ROBIN,104502,GAYLE,140425,WARNER,83781
LOREN,104502,DELLA,140425,CABRERA,83621
DELBERT,101236,VICKY,140425,MCKINNEY,83616
COLIN,101236,LYNNE,140425,MANN,83510
GUILLERMO,101236,SHERI,137159,ZIMMERMAN,83265
EARNEST,101236,MARIANNE,137159,DAWSON,83182
LUCAS,101236,KARA,133893,LARA,83067
BENNY,97971,JACQUELYN,133893,FLETCHER,83063
NOEL,97971,ERMA,133893,PAGE,82992
SPENCER,97971,BLANCA,133893,MCCARTHY,82950
RODOLFO,97971,MYRA,130628,LOVE,82873
MYRON,97971,LETICIA,130628,ROBLES,82458
EDMUND,97971,PAT,130628,CERVANTES,82161
GARRETT,94705,KRISTA,130628,SOLIS,82146
SALVATORE,94705,ROXANNE,130628,ERICKSON,82085
CEDRIC,94705,ANGELICA,127362,REEVES,81978
LOWELL,94705,JOHNNIE,127362,CHANG,81939
GREGG,94705,ROBYN,127362,KLEIN,81471
SHERMAN,91439,FRANCIS,127362,SALINAS,81156
WILSON,91439,ADRIENNE,127362,FUENTES,81006
DEVIN,91439,ROSALIE,127362,BALDWIN,80742
SYLVESTER,91439,ALEXANDRA,127362,DANIEL,80526
KIM,91439,BROOKE,127362,SIMON,80460
ROOSEVELT,91439,BETHANY,127362,VELASQUEZ,80364
ISRAEL,91439,SADIE,127362,HARDY,80252
JERMAINE,91439,BERNADETTE,127362,HIGGINS,79803
FORREST,88174,TRACI,124096,AGUIRRE,79517
WILBERT,88174,JODY,124096,LIN,79508
LELAND,88174,KENDRA,124096,CUMMINGS,79316
SIMON,84908,JASMINE,124096,CHANDLER,79186
GUADALUPE,84908,NICHOLE,124096,SHARP,78990
CLARK,84908,RACHAEL,124096,BARBER,78848
IRVING,84908,CHELSEA,124096,BOWEN,78822
CARROLL,84908,MABLE,124096,OCHOA,78677
BRYANT,84908,ERNESTINE,124096,DENNIS,78482
OWEN,84908,MURIEL,124096,ROBBINS,78381
RUFUS,81642,MARCELLA,120831,LIU,78370
WOODROW,81642,ELENA,120831,RAMSEY,78350
SAMMY,81642,KRYSTAL,120831,FRANCIS,78327
KRISTOPHER,81642,ANGELINA,120831,GRIFFITH,78260
MACK,81642,NADINE,117565,PAUL,78256
LEVI,81642,KARI,117565,BLAIR,78026
MARCOS,81642,ESTELLE,117565,OCONNOR,77923
GUSTAVO,81642,DIANNA,117565,CARDENAS,77652
JAKE,81642,PAULETTE,117565,PACHECO,77642
LIONEL,78377,LORA,117565,CROSS,77557
MARTY,78377,MONA,114299,CALDERON,77085
TAYLOR,78377,DOREEN,114299,QUINN,76986
ELLIS,78377,ROSEMARIE,114299,MOSS,76908
DALLAS,78377,ANGEL,114299,SWANSON,76897
GILBERTO,78377,DESIREE,114299,CHAN,76664
CLINT,78377,ANTONIA,114299,RIVAS,76205
NICOLAS,78377,HOPE,111034,KHAN,76171
LAURENCE,78377,GINGER,111034,RODGERS,76095
ISMAEL,78377,JANIS,111034,SERRANO,75996
ORVILLE,78377,BETSY,111034,FITZGERALD,75356
DREW,78377,CHRISTIE,111034,ROSALES,75185
JODY,78377,FREDA,111034,STEVENSON,75169
ERVIN,75111,MERCEDES,107768,CHRISTENSEN,75143
DEWEY,75111,MEREDITH,107768,MANNING,74949
AL,75111,LYNETTE,107768,GILL,74948
WILFRED,75111,TERI,107768,CURRY,74919
JOSH,75111,CRISTINA,107768,MCLAUGHLIN,74816
HUGO,75111,EULA,107768,HARMON,74737
IGNACIO,75111,LEIGH,104502,MCGEE,74542
CALEB,75111,MEGHAN,104502,GROSS,74503
TOMAS,75111,SOPHIA,104502,DOYLE,74458
SHELDON,75111,ELOISE,104502,GARNER,74324
ERICK,75111,ROCHELLE,104502,NEWTON,74092
FRANKIE,75111,GRETCHEN,104502,BURGESS,73931
STEWART,71845,CECELIA,104502,REESE,73919
DOYLE,71845,RAQUEL,101236,WALTON,73854
DARREL,71845,HENRIETTA,101236,BLAKE,73797
ROGELIO,71845,ALYSSA,101236,TRUJILLO,73664
TERENCE,71845,JANA,101236,ADKINS,73599
SANTIAGO,71845,KELLEY,101236,BRADY,73145
ALONZO,71845,GWEN,101236,GOODMAN,73136
ELIAS,71845,KERRY,101236,ROMAN,72918
BERT,71845,JENNA,97971,WEBSTER,72625
ELBERT,71845,TRICIA,97971,GOODWIN,72451
RAMIRO,71845,LAVERNE,97971,FISCHER,72357
CONRAD,71845,OLIVE,97971,HUANG,72328
PAT,71845,ALEXIS,97971,POTTER,72175
NOAH,71845,TASHA,97971,DELACRUZ,72109
GRADY,68580,SILVIA,94705,MONTOYA,71844
PHIL,68580,ELVIRA,94705,TODD,71759
CORNELIUS,68580,CASEY,94705,WU,71721
LAMAR,68580,DELIA,94705,HINES,71717
ROLANDO,68580,SOPHIE,94705,MULLINS,71646
CLAY,68580,KATE,94705,CASTANEDA,71368
PERCY,68580,PATTI,94705,MALONE,71286
DEXTER,68580,LORENA,94705,CANNON,71085
BRADFORD,68580,KELLIE,94705,TATE,71058
MERLE,68580,SONJA,94705,MACK,71056
DARIN,65314,LILA,94705,SHERMAN,70502
AMOS,65314,LANA,94705,HUBBARD,70362
TERRELL,65314,DARLA,94705,HODGES,70223
MOSES,65314,MAY,94705,ZHANG,70125
IRVIN,65314,MINDY,94705,GUERRA,70071
SAUL,65314,ESSIE,94705,WOLF,70031
ROMAN,65314,MANDY,94705,VALENCIA,70000
DARNELL,65314,LORENE,91439,SAUNDERS,69943
RANDAL,65314,ELSA,91439,FRANCO,69943
TOMMIE,65314,JOSEFINA,91439,ROWE,69879
TIMMY,62048,JEANNIE,91439,GALLAGHER,69834
DARRIN,62048,MIRANDA,91439,FARMER,69617
WINSTON,62048,DIXIE,91439,HAMMOND,69515
BRENDAN,62048,LUCIA,91439,HAMPTON,69472
TOBY,62048,MARTA,91439,TOWNSEND,69360
VAN,62048,FAITH,91439,INGRAM,69345
ABEL,62048,LELA,91439,WISE,68649
DOMINICK,62048,JOHANNA,91439,GALLEGOS,68373
BOYD,62048,SHARI,91439,CLARKE,68281
COURTNEY,62048,CAMILLE,91439,BARTON,68233
JAN,62048,TAMI,88174,SCHROEDER,67977
EMILIO,62048,SHAWNA,88174,MAXWELL,67961
ELIJAH,62048,ELISA,88174,WATERS,67929
CARY,62048,EBONY,88174,LOGAN,67909
DOMINGO,62048,MELBA,88174,CAMACHO,67893
SANTOS,62048,ORA,88174,STRICKLAND,67769
AUBREY,62048,NETTIE,88174,NORMAN,67704
EMMETT,62048,TABITHA,88174,PERSON,67411
MARLON,62048,OLLIE,88174,COLON,67338
EMANUEL,62048,JAIME,88174,PARSONS,67310
JERALD,62048,WINIFRED,88174,FRANK,67304
EDMOND,62048,KRISTIE,88174,HARRINGTON,66959
EMIL,62048,MARINA,88174,GLOVER,66858
DEWAYNE,58782,ALISHA,88174,OSBORNE,66827
WILL,58782,AIMEE,88174,BUCHANAN,66648
OTTO,58782,RENA,88174,CASEY,66556
TEDDY,58782,MYRNA,84908,FLOYD,66454
REYNALDO,58782,MARLA,84908,PATTON,66293
BRET,58782,TAMMIE,84908,IBARRA,66063
MORGAN,58782,LATASHA,84908,BALL,66059
JESS,58782,BONITA,84908,TYLER,66056
TRENT,58782,PATRICE,84908,SUAREZ,66013
HUMBERTO,58782,RONDA,84908,BOWERS,66003
EMMANUEL,58782,SHERRIE,84908,OROZCO,65904
STEPHAN,58782,ADDIE,84908,SALAS,65468
LOUIE,58782,FRANCINE,81642,COBB,65125
VICENTE,55517,DELORIS,81642,GIBBS,65064
LAMONT,55517,STACIE,81642,ANDRADE,65037
STACY,55517,ADRIANA,81642,BAUER,65004
GARLAND,55517,CHERI,81642,CONNER,64572
MILES,55517,SHELBY,81642,MOODY,64429
MICAH,55517,ABIGAIL,81642,ESCOBAR,64403
EFRAIN,55517,CELESTE,81642,MCGUIRE,64327
BILLIE,55517,JEWEL,81642,LLOYD,64202
LOGAN,55517,CARA,81642,MUELLER,64191
HEATH,55517,ADELE,81642,HARTMAN,64106
RODGER,55517,REBEKAH,81642,FRENCH,63991
HARLEY,55517,LUCINDA,81642,KRAMER,63936
DEMETRIUS,55517,DORTHY,81642,MCBRIDE,63899
ETHAN,55517,CHRIS,78377,POPE,63881
ELDON,55517,EFFIE,78377,LINDSEY,63760
ROCKY,52251,TRINA,78377,VELAZQUEZ,63736
PIERRE,52251,REBA,78377,NORTON,63722
JUNIOR,52251,SHAWN,78377,MCCORMICK,63649
FREDDY,52251,SALLIE,78377,SPARKS,63440
ELI,52251,AURORA,78377,FLYNN,63400
BRYCE,52251,LENORA,78377,YATES,63254
ANTOINE,52251,ETTA,78377,HOGAN,63085
ROBBIE,52251,LOTTIE,78377,MARSH,62304
KENDALL,52251,KERRI,78377,MACIAS,62227
ROYCE,52251,TRISHA,78377,VILLANUEVA,61883
STERLING,52251,NIKKI,78377,ZAMORA,61729
MICKEY,52251,ESTELLA,78377,PRATT,61671
CHASE,52251,FRANCISCA,78377,STOKES,61639
GROVER,52251,JOSIE,78377,OWEN,61630
ELTON,52251,TRACIE,78377,BALLARD,61625
CLEVELAND,52251,MARISSA,78377,LANG,61529
DYLAN,52251,KARIN,78377,BROCK,61369
CHUCK,52251,BRITTNEY,78377,VILLARREAL,61355
DAMIAN,52251,JANELLE,78377,CHARLES,61211
REUBEN,48985,LOURDES,78377,DRAKE,61162
STAN,48985,LAUREL,78377,BARRERA,60998
AUGUST,48985,HELENE,78377,CAIN,60948
LEONARDO,48985,FERN,78377,PATRICK,60845
JASPER,48985,ELVA,78377,PINEDA,60820
RUSSEL,48985,CORINNE,78377,BURNETT,60791
ERWIN,48985,KELSEY,78377,MERCADO,60761
BENITO,48985,INA,75111,SANTANA,60667
HANS,48985,BETTIE,75111,SHEPHERD,60479
MONTE,48985,ELISABETH,75111,BAUTISTA,60264
BLAINE,48985,AIDA,75111,ALI,60002
ERNIE,48985,CAITLIN,75111,SHAFFER,59943
CURT,48985,INGRID,75111,LAMB,59913
QUENTIN,48985,IVA,75111,TREVINO,59882
AGUSTIN,48985,EUGENIA,75111,MCKENZIE,59595
MURRAY,48985,CHRISTA,75111,HESS,59486
JAMAL,45720,GOLDIE,75111,BEIL,59463
DEVON,45720,CASSIE,75111,OLSEN,59356
ADOLFO,45720,MAUDE,75111,COCHRAN,59350
HARRISON,45720,JENIFER,75111,MORTON,59213
TYSON,45720,THERESE,71845,NASH,58714
BURTON,45720,FRANKIE,71845,WILKINS,58634
BRADY,45720,DENA,71845,PETERSEN,58480
ELLIOTT,45720,LORNA,71845,BRIGGS,58408
WILFREDO,45720,JANETTE,71845,SHAH,58287
BART,45720,LATONYA,71845,ROTH,58278
JARROD,45720,CANDY,71845,NICHOLSON,58151
VANCE,45720,MORGAN,71845,HOLLOWAY,58040
DENIS,45720,CONSUELO,71845,LOZANO,57779
DAMIEN,45720,TAMIKA,71845,RANGEL,57549
JOAQUIN,45720,ROSETTA,71845,FLOWERS,57549
HARLAN,45720,DEBORA,71845,HOOVER,57497
DESMOND,45720,CHERIE,71845,SHORT,57477
ELLIOT,45720,POLLY,71845,ARIAS,57477
DARWIN,45720,DINA,71845,MORA,57464
ASHLEY,45720,JEWELL,68580,VALENZUELA,57383
GREGORIO,45720,FAY,68580,BRYAN,57143
BUDDY,45720,JILLIAN,68580,MEYERS,57127
XAVIER,42454,DOROTHEA,68580,WEISS,57112
KERMIT,42454,NELL,68580,UNDERWOOD,57064
ROSCOE,42454,TRUDY,68580,BASS,57044
ESTEBAN,42454,ESPERANZA,68580,GREER,57043
ANTON,42454,PATRICA,68580,SUMMERS,56953
SOLOMON,42454,KIMBERLEY,68580,HOUSTON,56900
SCOTTY,42454,SHANNA,68580,CARSON,56872
NORBERT,42454,HELENA,68580,MORROW,56840
ELVIN,42454,CAROLINA,68580,CLAYTON,56638
WILLIAMS,42454,CLEO,68580,WHITAKER,56616
NOLAN,42454,STEFANIE,68580,DECKER,56576
CAREY,42454,ROSARIO,65314,YODER,56410
ROD,42454,OLA,65314,COLLIER,56380
QUINTON,42454,JANINE,65314,ZUNIGA,56347
HAL,42454,MOLLIE,65314,CAREY,56322
BRAIN,42454,LUPE,65314,WILCOX,56286
ROB,42454,ALISA,65314,MELENDEZ,56230
ELWOOD,42454,LOU,65314,POOLE,56226
KENDRICK,42454,MARIBEL,65314,ROBERSON,56180
DARIUS,42454,SUSANNE,65314,LARSEN,55960
MOISES,42454,BETTE,62048,CONLEY,55917
SON,39188,SUSANA,62048,DAVENPORT,55895
MARLIN,39188,ELISE,62048,COPELAND,55850
FIDEL,39188,CECILE,62048,MASSEY,55595
THADDEUS,39188,ISABELLE,62048,LAM,55554
CLIFF,39188,LESLEY,62048,HUFF,55484
MARCEL,39188,JOCELYN,62048,ROCHA,55251
ALI,39188,PAIGE,62048,CAMERON,55240
JACKSON,39188,JONI,62048,JEFFERSON,55179
RAPHAEL,39188,RACHELLE,62048,HOOD,55174
BRYON,39188,LEOLA,62048,MONROE,55136
ARMAND,39188,DAPHNE,62048,ANTHONY,55114
ALVARO,39188,ALTA,62048,PITTMAN,55021
JEFFRY,39188,ESTER,62048,HUYNH,54996
DANE,39188,PETRA,62048,RANDALL,54764
JOESPH,39188,GRACIELA,62048,SINGLETON,54621
THURMAN,39188,IMOGENE,62048,KIRK,54394
NED,39188,JOLENE,62048,COMBS,54257
SAMMIE,39188,KEISHA,62048,MATHIS,54217
RUSTY,39188,LACEY,58782,CHRISTIAN,54198
MICHEL,39188,GLENNA,58782,SKINNER,54046
MONTY,39188,GABRIELA,58782,BRADFORD,54015
RORY,39188,KERI,58782,RICHARD,53893
FABIAN,39188,URSULA,58782,GALVAN,53822
REGGIE,39188,LIZZIE,58782,WALL,53794
MASON,39188,KIRSTEN,58782,BOONE,53792
GRAHAM,39188,SHANA,58782,KIRBY,53767
KRIS,35923,ADELINE,58782,WILKINSON,53739
ISAIAH,35923,MAYRA,58782,BRIDGES,53682
VAUGHN,35923,JAYNE,58782,BRUCE,53419
GUS,35923,JACLYN,58782,ATKINSON,53376
AVERY,35923,GRACIE,58782,VELEZ,53265
LOYD,35923,SONDRA,58782,MEZA,53230
DIEGO,35923,CARMELA,58782,ROY,53159
ALEXIS,35923,MARISA,58782,VINCENT,53095
ADOLPH,35923,ROSALIND,58782,YORK,53059
NORRIS,35923,CHARITY,58782,HODGE,52920
MILLARD,35923,TONIA,58782,VILLA,52817
ROCCO,35923,BEATRIZ,58782,ABBOTT,52739
GONZALO,35923,MARISOL,58782,ALLISON,52701
DERICK,35923,CLARICE,58782,TAPIA,52651
RODRIGO,35923,JEANINE,55517,GATES,52569
GERRY,35923,SHEENA,55517,CHASE,52481
STACEY,35923,ANGELINE,55517,SOSA,52457
CARMEN,35923,FRIEDA,55517,SWEENEY,52410
WILEY,35923,LILY,55517,FARRELL,52321
RIGOBERTO,35923,ROBBIE,55517,WYATT,52211
ALPHONSO,35923,SHAUNA,55517,DALTON,52184
TY,35923,MILLIE,55517,HORN,52138
SHELBY,35923,CLAUDETTE,55517,BARRON,52070
RICKIE,35923,CATHLEEN,55517,PHELPS,52044
NOE,35923,ANGELIA,55517,YU,52035
VERN,32657,GABRIELLE,55517,DICKERSON,51889
BOBBIE,32657,AUTUMN,55517,HEATH,51877
REED,32657,KATHARINE,55517,FOLEY,51865
JEFFERSON,32657,SUMMER,55517,ATKINS,51671
ELVIS,32657,JODIE,55517,MATHEWS,51592
BERNARDO,32657,STACI,55517,BONILLA,51475
MAURICIO,32657,LEA,55517,ACEVEDO,51351
HIRAM,32657,CHRISTI,55517,BENITEZ,51288
DONOVAN,32657,JIMMIE,55517,ZAVALA,51153
BASIL,32657,JUSTINE,55517,HENSLEY,51081
RILEY,32657,ELMA,55517,GLENN,51043
OLLIE,32657,LUELLA,55517,CISNEROS,50920
NICKOLAS,32657,MARGRET,55517,HARRELL,50837
MAYNARD,32657,DOMINIQUE,52251,SHIELDS,50832
SCOT,32657,SOCORRO,52251,RUBIO,50788
VINCE,32657,RENE,52251,HUFFMAN,50786
QUINCY,32657,MARTINA,52251,CHOI,50786
EDDY,32657,MARGO,52251,BOYER,50742
SEBASTIAN,32657,MAVIS,52251,GARRISON,50686
FEDERICO,32657,CALLIE,52251,ARROYO,50614
ULYSSES,32657,BOBBI,52251,BOND,50610
HERIBERTO,32657,MARITZA,52251,KANE,50584
DONNELL,32657,LUCILE,52251,HANCOCK,50558
COLE,32657,LEANNE,52251,CALLAHAN,50524
DENNY,32657,JEANNINE,52251,DILLON,50465
DAVIS,32657,DEANA,52251,CLINE,50258
GAVIN,32657,AILEEN,52251,WIGGINS,50247
EMERY,32657,LORIE,52251,GRIMES,50245
WARD,32657,LADONNA,52251,ARELLANO,50104
ROMEO,32657,WILLA,52251,MELTON,50069
JAYSON,32657,MANUELA,52251,ONEILL,50028
DION,32657,GALE,52251,SAVAGE,49914
DANTE,32657,SELMA,52251,HO,49817
CLEMENT,32657,DOLLY,52251,BELTRAN,49776
COY,32657,SYBIL,52251,PITTS,49740
ODELL,32657,ABBY,52251,PARRISH,49733
MAXWELL,32657,LARA,52251,PONCE,49549
JARVIS,32657,DALE,52251,RICH,49481
BRUNO,32657,IVY,52251,BOOTH,49402
ISSAC,32657,DEE,52251,KOCH,49395
MARY,29391,WINNIE,52251,GOLDEN,49360
DUDLEY,29391,MARCY,52251,WARE,49316
BROCK,29391,LUISA,52251,BRENNAN,49238
SANFORD,29391,JERI,48985,MCDOWELL,49217
COLBY,29391,MAGDALENA,48985,MARKS,49177
CARMELO,29391,OFELIA,48985,CANTU,49126
BARNEY,29391,MEAGAN,48985,HUMPHREY,49056
NESTOR,29391,AUDRA,48985,BAXTER,49033
HOLLIS,29391,MATILDA,48985,SAWYER,49028
STEFAN,29391,LEILA,48985,CLAY,48844
DONNY,29391,CORNELIA,48985,TANNER,48813
ART,29391,BIANCA,48985,HUTCHINSON,48781
LINWOOD,29391,SIMONE,48985,KAUR,48753
BEAU,29391,BETTYE,48985,BERG,48746
WELDON,29391,RANDI,48985,WILEY,48720
GALEN,29391,VIRGIE,48985,GILMORE,48719
ISIDRO,29391,LATISHA,48985,RUSSO,48696
TRUMAN,29391,BARBRA,48985,VILLEGAS,48599
DELMAR,29391,GEORGINA,48985,HOBBS,48522
JOHNATHON,29391,ELIZA,48985,KEITH,48487
SILAS,29391,LEANN,48985,WILKERSON,48444
FREDERIC,29391,BRIDGETTE,48985,AHMED,48319
DICK,29391,RHODA,45720,BEARD,48207
KIRBY,29391,HALEY,45720,MCCLAIN,48165
IRWIN,29391,ADELA,45720,MONTES,48142
CRUZ,29391,NOLA,45720,MATA,48120
MERLIN,29391,BERNADINE,45720,ROSARIO,48051
MERRILL,29391,FLOSSIE,45720,VANG,48036
CHARLEY,29391,ILA,45720,WALTER,48024
MARCELINO,29391,GRETA,45720,HENSON,48013
LANE,29391,RUTHIE,45720,ONEAL,47979
HARRIS,29391,NELDA,45720,MOSLEY,47963
CLEO,29391,MINERVA,45720,MCCLURE,47742
CARLO,29391,LILLY,45720,BEASLEY,47693
TRENTON,29391,TERRIE,45720,STEPHENSON,47641
KURTIS,29391,LETHA,45720,SNOW,47528
HUNTER,29391,HILARY,45720,HUERTA,47455
AURELIO,29391,ESTELA,45720,PRESTON,47367
WINFRED,29391,VALARIE,45720,VANCE,47324
VITO,29391,BRIANNA,45720,BARRY,47274
COLLIN,29391,ROSALYN,45720,JOHNS,47246
DENVER,29391,EARLINE,45720,EATON,47184
CARTER,29391,CATALINA,45720,BLACKWELL,47175
LEONEL,26126,AVA,45720,DYER,47170
EMORY,26126,MIA,45720,PRINCE,47168
PASQUALE,26126,CLARISSA,45720,MACDONALD,46717
MOHAMMAD,26126,LIDIA,45720,SOLOMON,46534
MARIANO,26126,CORRINE,45720,GUEVARA,46454
DANIAL,26126,ALEXANDRIA,45720,STAFFORD,46394
BLAIR,26126,CONCEPCION,45720,ENGLISH,46393
LANDON,26126,TIA,45720,HURST,46244
DIRK,26126,SHARRON,45720,WOODARD,46240
BRANDEN,26126,RAE,45720,CORTES,46229
ADAN,26126,DONA,45720,SHANNON,46147
NUMBERS,26126,ERICKA,45720,KEMP,46146
CLAIR,26126,JAMI,45720,NOLAN,46054
BUFORD,26126,ELNORA,45720,MCCULLOUGH,45852
GERMAN,26126,CHANDRA,45720,MERRITT,45594
BERNIE,26126,LENORE,45720,MURILLO,45558
WILMER,26126,NEVA,42454,MOON,45528
JOAN,26126,MARYLOU,42454,SALGADO,45469
EMERSON,26126,MELISA,42454,STRONG,45432
ZACHERY,26126,TABATHA,42454,KLINE,45390
FLETCHER,26126,SERENA,42454,CORDOVA,45305
JACQUES,26126,AVIS,42454,BARAJAS,45153
ERROL,26126,ALLIE,42454,ROACH,45019
DALTON,26126,SOFIA,42454,ROSAS,44938
MONROE,26126,JEANIE,42454,WINTERS,44914
JOSUE,26126,ODESSA,42454,JACOBSON,44808
DOMINIQUE,26126,NANNIE,42454,LESTER,44784
EDWARDO,26126,HARRIETT,42454,KNOX,44742
BOOKER,26126,LORAINE,42454,BULLOCK,44740
WILFORD,26126,PENELOPE,42454,KERR,44711
SONNY,26126,MILAGROS,42454,LEACH,44581
SHELTON,26126,EMILIA,42454,MEADOWS,44500
CARSON,26126,BENITA,42454,ORR,44388
THERON,26126,ALLYSON,42454,DAVILA,44388
RAYMUNDO,26126,ASHLEE,42454,WHITEHEAD,44373
DAREN,26126,TANIA,42454,PRUITT,44365
TRISTAN,26126,TOMMIE,42454,KENT,44325
HOUSTON,26126,ESMERALDA,42454,CONWAY,44320
ROBBY,26126,KARINA,42454,MCKEE,44137
LINCOLN,26126,EVE,42454,BARR,44130
JAME,26126,PEARLIE,42454,DAVID,44040
GENARO,26126,ZELMA,42454,DEJESUS,44038
GALE,26126,MALINDA,42454,MARIN,43904
BENNETT,26126,NOREEN,42454,BERGER,43851
OCTAVIO,26126,TAMEKA,42454,MCINTYRE,43842
CORNELL,26126,SAUNDRA,42454,BLANKENSHIP,43830
LAVERNE,26126,HILLARY,42454,GAINES,43821
HUNG,26126,AMIE,42454,PALACIOS,43798
ARRON,26126,ALTHEA,39188,CUEVAS,43701
ANTONY,26126,ROSALINDA,39188,BARTLETT,43648
HERSCHEL,22860,JORDAN,39188,DURHAM,43635
ALVA,22860,LILIA,39188,DORSEY,43631
GIOVANNI,22860,ALANA,39188,MCCALL,43483
GARTH,22860,GAY,39188,ODONNELL,43460
CYRUS,22860,CLARE,39188,STEIN,43389
CYRIL,22860,ALEJANDRA,39188,BROWNING,43329
RONNY,22860,ELINOR,39188,STOUT,43305
STEVIE,22860,MICHAEL,39188,LOWERY,43278
LON,22860,LORRIE,39188,SLOAN,43261
FREEMAN,22860,JERRI,39188,MCLEAN,43260
ERIN,22860,DARCY,39188,HENDRICKS,43197
DUNCAN,22860,EARNESTINE,39188,CALHOUN,43180
KENNITH,22860,CARMELLA,39188,SEXTON,43133
CARMINE,22860,TAYLOR,39188,CHUNG,43110
AUGUSTINE,22860,NOEMI,39188,GENTRY,43027
YOUNG,22860,MARCIE,39188,HULL,43018
ERICH,22860,LIZA,39188,DUARTE,42983
CHADWICK,22860,ANNABELLE,39188,ELLISON,42827
WILBURN,22860,LOUISA,39188,NIELSEN,42773
RUSS,22860,EARLENE,39188,GILLESPIE,42693
REID,22860,MALLORY,39188,BUCK,42639
MYLES,22860,CARLENE,39188,MIDDLETON,42578
ANDERSON,22860,NITA,39188,SELLERS,42577
MORTON,22860,SELENA,39188,LEBLANC,42575
JONAS,22860,TANISHA,39188,ESPARZA,42559
FOREST,22860,KATY,39188,HARDIN,42469
MITCHEL,22860,JULIANNE,39188,BRADSHAW,42465
MERVIN,22860,JOHN,39188,MCINTOSH,42379
ZANE,22860,LAKISHA,35923,HOWE,42265
RICH,22860,EDWINA,35923,LIVINGSTON,42103
JAMEL,22860,MARICELA,35923,FROST,42015
LAZARO,22860,MARGERY,35923,GLASS,41802
ALPHONSE,22860,KENYA,35923,MORSE,41774
RANDELL,22860,DOLLIE,35923,KNAPP,41771
MAJOR,22860,ROXIE,35923,HERMAN,41750
JOHNIE,22860,ROSLYN,35923,STARK,41735
JARRETT,22860,KATHRINE,35923,BRAVO,41700
BROOKS,22860,NANETTE,35923,NOBLE,41667
ARIEL,22860,CHARMAINE,35923,SPEARS,41665
ABDUL,22860,LAVONNE,35923,WEEKS,41565
DUSTY,22860,ILENE,35923,CORONA,41553
LUCIANO,22860,KRIS,35923,FREDERICK,41394
LINDSEY,22860,TAMMI,35923,BUCKLEY,41348
TRACEY,22860,SUZETTE,35923,MCFARLAND,41300
SEYMOUR,22860,CORINE,35923,HEBERT,41275
SCOTTIE,22860,KAYE,35923,ENRIQUEZ,41271
EUGENIO,22860,JERRY,35923,HICKMAN,41163
MOHAMMED,22860,MERLE,35923,QUINTERO,41158
SANDY,22860,CHRYSTAL,35923,RANDOLPH,41129
VALENTIN,22860,LINA,35923,SCHAEFER,41063
CHANCE,22860,DEANNE,35923,WALLS,41025
ARNULFO,22860,LILIAN,35923,TREJO,41021
LUCIEN,22860,JULIANA,35923,HOUSE,41000
FERDINAND,22860,ALINE,35923,REILLY,40884
THAD,22860,LUANN,35923,PENNINGTON,40854
EZRA,22860,KASEY,35923,MICHAEL,40736
SYDNEY,22860,MARYANNE,35923,CONRAD,40707
ALDO,22860,EVANGELINE,35923,GILES,40598
RUBIN,19594,COLETTE,35923,BENJAMIN,40590
ROYAL,19594,MELVA,35923,CROSBY,40563
MITCH,19594,LAWANDA,35923,FITZPATRICK,40449
EARLE,19594,YESENIA,35923,DONOVAN,40410
ABE,19594,NADIA,35923,MAYS,40408
WYATT,19594,MADGE,35923,MAHONEY,40397
MARQUIS,19594,KATHIE,35923,VALENTINE,40395
LANNY,19594,EDDIE,35923,RAYMOND,40275
KAREEM,19594,OPHELIA,35923,MEDRANO,40261
JAMAR,19594,VALERIA,35923,HAHN,40250
BORIS,19594,NONA,35923,MCMILLAN,40237
ISIAH,19594,MITZI,35923,SMALL,40212
EMILE,19594,MARI,35923,BENTLEY,40193
ELMO,19594,GEORGETTE,35923,FELIX,40165
ARON,19594,CLAUDINE,35923,PECK,40055
LEOPOLDO,19594,FRAN,35923,LUCERO,39986
EVERETTE,19594,ALISSA,35923,BOYLE,39921
JOSEF,19594,ROSEANN,32657,HANNA,39890
GAIL,19594,LAKEISHA,32657,PACE,39879
ELOY,19594,SUSANNA,32657,RUSH,39802
DORIAN,19594,REVA,32657,HURLEY,39796
RODRICK,19594,DEIDRE,32657,HARDING,39787
REINALDO,19594,CHASITY,32657,MCCONNELL,39754
LUCIO,19594,SHEREE,32657,BERNAL,39693
JERROD,19594,CARLY,32657,NAVA,39670
WESTON,19594,JAMES,32657,AYERS,39623
HERSHEL,19594,ELVIA,32657,EVERETT,39593
BARTON,19594,ALYCE,32657,VENTURA,39580
PARKER,19594,DEIRDRE,32657,AVERY,39564
LEMUEL,19594,GENA,32657,PUGH,39559
LAVERN,19594,BRIANA,32657,MAYER,39555
BURT,19594,ARACELI,32657,BENDER,39551
JULES,19594,KATELYN,32657,SHEPARD,39430
GIL,19594,ROSANNE,32657,MCMAHON,39411
ELISEO,19594,WENDI,32657,LANDRY,39391
AHMAD,19594,TESSA,32657,CASE,39319
NIGEL,19594,BERTA,32657,SAMPSON,39277
EFREN,19594,MARVA,32657,MOSES,39216
ANTWAN,19594,IMELDA,32657,MAGANA,39105
ALDEN,19594,MARIETTA,32657,BLACKBURN,39097
MARGARITO,19594,MARCI,32657,DUNLAP,39063
COLEMAN,19594,LEONOR,32657,GOULD,38924
REFUGIO,19594,ARLINE,32657,DUFFY,38835
DINO,19594,SASHA,32657,VAUGHAN,38830
OSVALDO,19594,MADELYN,32657,HERRING,38733
LES,19594,JANNA,32657,MCKAY,38681
DEANDRE,19594,JULIETTE,32657,ESPINOSA,38667
NORMAND,19594,DEENA,32657,RIVERS,38662
KIETH,19594,AURELIA,32657,FARLEY,38528
IVORY,19594,JOSEFA,32657,BERNARD,38512
ANDREA,19594,AUGUSTA,32657,ASHLEY,38499
TREY,19594,LILIANA,32657,FRIEDMAN,38374
NORBERTO,19594,YOUNG,32657,POTTS,38277
NAPOLEON,19594,CHRISTIAN,32657,TRUONG,38267
JEROLD,19594,LESSIE,32657,COSTA,38265
FRITZ,19594,AMALIA,32657,CORREA,38232
ROSENDO,19594,SAVANNAH,32657,BLEVINS,38229
MILFORD,19594,ANASTASIA,32657,NIXON,38147
SANG,19594,VILMA,32657,CLEMENTS,38044
DEON,19594,NATALIA,32657,FRY,38029
CHRISTOPER,19594,ROSELLA,32657,DELAROSA,37932
ALFONZO,19594,LYNNETTE,32657,BEST,37923
LYMAN,19594,CORINA,32657,BENTON,37912
JOSIAH,19594,ALFREDA,29391,LUGO,37903
BRANT,19594,LEANNA,29391,PORTILLO,37890
WILTON,19594,CAREY,29391,DOUGHERTY,37884
RICO,19594,AMPARO,29391,CRANE,37870
JAMAAL,19594,COLEEN,29391,HALEY,37858
DEWITT,19594,TAMRA,29391,PHAN,37836
CAROL,19594,AISHA,29391,VILLALOBOS,37754
BRENTON,19594,WILDA,29391,BLANCHARD,37695
YONG,19594,KARYN,29391,HORNE,37689
OLIN,19594,CHERRY,29391,FINLEY,37672
FOSTER,19594,QUEEN,29391,QUINTANA,37657
FAUSTINO,19594,MAURA,29391,LYNN,37644
CLAUDIO,19594,MAI,29391,ESQUIVEL,37578
JUDSON,19594,EVANGELINA,29391,BEAN,37571
GINO,19594,ROSANNA,29391,DODSON,37566
EDGARDO,19594,HALLIE,29391,MULLEN,37502
BERRY,19594,ERNA,29391,XIONG,37499
ALEC,19594,ENID,29391,HAYDEN,37451
TANNER,19594,MARIANA,29391,CANO,37368
JARRED,19594,LACY,29391,LEVY,37228
DONN,19594,JULIET,29391,HUBER,37170
TRINIDAD,16328,JACKLYN,29391,RICHMOND,37053
TAD,16328,FREIDA,29391,MOYER,37050
SHIRLEY,16328,MADELEINE,29391,LIM,37021
PRINCE,16328,MARA,29391,FRYE,36973
PORFIRIO,16328,HESTER,29391,SHEPPARD,36960
ODIS,16328,CATHRYN,29391,MCCARTY,36944
MARIA,16328,LELIA,29391,AVALOS,36922
LENARD,16328,CASANDRA,29391,BOOKER,36840
CHAUNCEY,16328,BRIDGETT,29391,WALLER,36805
CHANG,16328,ANGELITA,29391,PARRA,36765
TOD,16328,JANNIE,29391,WOODWARD,36764
MEL,16328,DIONNE,29391,JARAMILLO,36755
MARCELO,16328,ANNMARIE,29391,KRUEGER,36743
KORY,16328,KATINA,29391,RASMUSSEN,36636
AUGUSTUS,16328,BERYL,29391,BRANDT,36613
KEVEN,16328,PHOEBE,29391,PERALTA,36585
HILARIO,16328,MILLICENT,29391,DONALDSON,36558
BUD,16328,KATHERYN,29391,STUART,36540
SAL,16328,DIANN,29391,FAULKNER,36466
ROSARIO,16328,CARISSA,29391,MAYNARD,36460
ORVAL,16328,MARYELLEN,29391,GALINDO,36429
MAURO,16328,LIZ,29391,COFFEY,36423
DANNIE,16328,LAURI,29391,ESTES,36318
ZACHARIAH,16328,HELGA,29391,SANFORD,36312
OLEN,16328,GILDA,29391,BURCH,36269
ANIBAL,16328,ADRIAN,29391,MADDOX,36250
MILO,16328,RHEA,29391,VO,36236
JED,16328,MARQUITA,29391,OCONNELL,36194
FRANCES,16328,HOLLIE,29391,VU,36179
THANH,16328,TISHA,29391,ANDERSEN,36150
DILLON,16328,TAMERA,29391,SPENCE,36129
AMADO,16328,ANGELIQUE,29391,MCPHERSON,36125
NEWTON,16328,FRANCESCA,29391,CHURCH,36072
CONNIE,16328,BRITNEY,29391,SCHMITT,36043
LENNY,16328,KAITLIN,29391,STANTON,35997
TORY,16328,LOLITA,29391,LEAL,35958
RICHIE,16328,FLORINE,29391,CHERRY,35877
LUPE,16328,ROWENA,29391,COMPTON,35830
HORACIO,16328,REYNA,29391,DUDLEY,35781
BRICE,16328,TWILA,29391,SIERRA,35770
MOHAMED,16328,FANNY,29391,POLLARD,35749
DELMER,16328,JANELL,29391,ALFARO,35725
DARIO,16328,INES,29391,HESTER,35642
REYES,16328,CONCETTA,29391,PROCTOR,35636
DEE,16328,BERTIE,29391,LU,35628
MAC,16328,ALBA,29391,HINTON,35606
JONAH,16328,BRIGITTE,29391,NOVAK,35461
JERROLD,16328,ALYSON,29391,GOOD,35446
ROBT,16328,VONDA,26126,MADDEN,35438
HANK,16328,PANSY,26126,MCCANN,35408
SUNG,16328,ELBA,26126,TERRELL,35408
RUPERT,16328,NOELLE,26126,JARVIS,35350
ROLLAND,16328,LETITIA,26126,DICKSON,35312
KENTON,16328,KITTY,26126,REYNA,35291
DAMION,16328,DEANN,26126,CANTRELL,35266
CHI,16328,BRANDIE,26126,MAYO,35228
ANTONE,16328,LOUELLA,26126,BRANCH,35225
WALDO,16328,LETA,26126,HENDRIX,35194
FREDRIC,16328,FELECIA,26126,ROLLINS,35132
BRADLY,16328,SHARLENE,26126,ROWLAND,35121
QUINN,16328,LESA,26126,WHITNEY,35118
KIP,16328,BEVERLEY,26126,DUKE,35053
BURL,16328,ROBERT,26126,ODOM,35020
WALKER,16328,ISABELLA,26126,DAUGHERTY,34987
TYREE,16328,HERMINIA,26126,TRAVIS,34985
JEFFEREY,16328,TERRA,26126,TANG,34961
AHMED,16328,CELINA,26126,ARCHER,34949
